{"alarm clock": [0.8288902749141435, 0.10476329881151059, 0.24376136878395327], "armchair": [0.49790817226864736, 0.5506515754019214, 0.25729840624790556], "backpack": [0.9970221262489917, 0.2170663319521141, 0.13629345037572205], "bag": [0.9247649269766383, 0.1776386604690796, 0.6859940584780618], "ball": [0.0137789255693741, 0.6578825223134014, 0.8186167749296028], "bar": [0.12125011395145191, 0.8837299244961978, 0.3955219891050704], "basket": [0.8031021102599613, 0.00632515458997307, 0.4728929992186768], "bathroom cabinet": [0.38294976663032476, 0.5588895277871428, 0.4564579596189763], "bathroom counter": [0.5758637502863022, 0.30336415591200905, 0.06937478042128209], "bathroom stall": [0.051128702804538295, 0.8807271793350121, 0.2777842131068665], "bathroom stall door": [0.9128161436824935, 0.7460398595102992, 0.7373041998496765], "bathroom vanity": [0.235170601071922, 0.07192800942289024, 0.5295953625599568], "bathtub": [0.16521357481013066, 0.5256363135647306, 0.14730362919613904], "bed": [0.8911717329517639, 0.7356822126296689, 0.8127694765719274], "bench": [0.6234202994012725, 0.08424164898001008, 0.48576623974126887], "bicycle": [0.8192512048720502, 0.4350335330640137, 0.6693240173324617], "bin": [0.3877030152932106, 0.8716889102643979, 0.1963977647159818], "blackboard": [0.9974524196963972, 0.8969512282772106, 0.33832160590475335], "blanket": [0.44675515563964585, 0.5056947230288268, 0.7830345481257871], "blinds": [0.23937585670439998, 0.6177283908272901, 0.4239491557246631], "board": [0.6821556805118126, 0.6790241839042997, 0.6187618162280458], "book": [0.20774622299838097, 0.29838679958743997, 0.8790133091846509], "bookshelf": [0.45927261512149686, 0.3152943556024026, 0.7390490150509555], "bottle": [0.1991446027749566, 0.6786824636551548, 0.03323539422710098], "bowl": [0.06844030308234372, 0.53303426063918, 0.7243107041549797], "box": [0.21506048306147085, 0.11869939751293668, 0.9404127591545326], "broom": [0.6661711892974823, 0.1561451524688614, 0.7139932331407304], "bucket": [0.9781707325656968, 0.2583701740867328, 0.690277590028459], "bulletin board": [0.9915729882210382, 0.28867119863679036, 0.6886335891085151], "cabinet": [0.7372234934804276, 0.7123222355786252, 0.5199635753649928], "calendar": [0.3423035611531965, 0.5093145363652082, 0.08660812011573749], "candle": [0.21760179008407088, 0.9748792522107451, 0.09285867308272222], "cart": [0.5225771520857507, 0.005092436686796709, 0.8646421401045208], "case of water bottles": [0.6992592981020932, 0.8867373487887037, 0.1581191225682732], "cd case": [0.625088415696107, 0.27362679820389946, 0.949120986486101], "ceiling": [0.040972787519392706, 0.8057142742148404, 0.5412157707425251], "ceiling light": [0.8204075790902684, 0.5736971880136764, 0.8659627893953977], "chair": [0.5898208524693206, 0.24040689270188664, 0.5263110441797222], "clock": [0.4976167444654689, 0.9557668719548355, 0.745904704616286], "closet": [0.1565049199599302, 0.2938628053592943, 0.3693006687860082], "closet door": [0.7286852474421855, 0.610608655461242, 0.26360994155205175], "closet rod": [0.35699404707349625, 0.6320376134804455, 0.737097656001146], "closet wall": [0.9957949591097842, 0.9324449160946066, 0.5904542751911028], "clothes": [0.7480914987460346, 0.4175358136117623, 0.4741146881046465], "clothes dryer": [0.7078624352098956, 0.8668622783530346, 0.8574509634171034], "coat rack": [0.5302411585476313, 0.15840786890399494, 0.02654995286051509], "coffee kettle": [0.4959618934703538, 0.8049060479519565, 0.989504119401426], "coffee maker": [0.031602148200411295, 0.8518508908897775, 0.34249864162701626], "coffee table": [0.6693916640184308, 0.6904991210520656, 0.36233123714773996], "column": [0.035566053397603214, 0.8727106232915308, 0.19396637043420806], "computer tower": [0.16883250274160166, 0.18909680241218418, 0.9548217516417602], "container": [0.7035732356133659, 0.36571526827723744, 0.36254715343401034], "copier": [0.3882134439600595, 0.5839163350960219, 0.20444082634750915], "couch": [0.36907508898461017, 0.3278361119161026, 0.06602005925276122], "counter": [0.22259018187711177, 0.9688455538780086, 0.9629804709811517], "crate": [0.6582508345922385, 0.6398088925731323, 0.5006000780488302], "cup": [0.3615438583466023, 0.34509065895517144, 0.25104245590024676], "curtain": [0.5333200038036282, 0.5172470373279922, 0.2888074491383509], "cushion": [0.9554036328534876, 0.14369794371978584, 0.5268967590032034], "decoration": [0.9353772615049915, 0.5331554485901293, 0.010728527840999091], "desk": [0.4937170720893088, 0.607509783771736, 0.2413690519916767], "dining table": [0.21810827671959754, 0.1553930351356384, 0.19980616022136743], "dish rack": [0.6112795072385425, 0.2411556754079347, 0.8233524631295459], "dishwasher": [0.22150532973348924, 0.5358338959834408, 0.6297613357385511], "divider": [0.25553796046507393, 0.3646460807763958, 0.1922549685449214], "door": [0.4710161993181786, 0.48907047884482624, 0.8523893945626013], "doorframe": [0.9056744843723288, 0.5283869272223346, 0.8401640992554865], "dresser": [0.6388568593091498, 0.09619142095255506, 0.35859524894200623], "dumbbell": [0.9325385614036444, 0.5472449767704336, 0.9067537982191691], "dustpan": [0.5376379719110878, 0.9716345169435574, 0.678342839364211], "end table": [0.9767512295841265, 0.27460242196105966, 0.7285229148287604], "fan": [0.056089783555287154, 0.575549276514744, 0.09609287638103048], "file cabinet": [0.43639837275819104, 0.9266888477131362, 0.9529197945078834], "fire alarm": [0.05992748147598814, 0.8547833224560252, 0.4763117768214983], "fire extinguisher": [0.007416175261871438, 0.978449001802841, 0.23385636544739674], "fireplace": [0.11807143420774313, 0.04255586361880637, 0.040970879754551826], "floor": [0.1703986384017685, 0.20820196711026595, 0.7725586121752366], "folded chair": [0.9045670129439233, 0.2813762418835225, 0.6106498154016751], "furniture": [0.130933575962061, 0.1903474998075506, 0.043094679326360574], "guitar": [0.5912054648725398, 0.3095285989115979, 0.7915391896801851], "guitar case": [0.1456931610265495, 0.7305139460740506, 0.19456898959391244], "hair dryer": [0.6708818343759426, 0.11054919313357259, 0.43928459049495483], "handicap bar": [0.5484826019542638, 0.38810061838913346, 0.25905749482993734], "hat": [0.7076655444728172, 0.26208741427520243, 0.749884362462589], "headphones": [0.6141390065082106, 0.9444719975832723, 0.7302236535478629], "ironing board": [0.40467354403323463, 0.7555283647518634, 0.829371916150569], "jacket": [0.8793805811156145, 0.15142308840988417, 0.08181570925207382], "keyboard": [0.2357672512158019, 0.40821773731568656, 0.6472976128994482], "keyboard piano": [0.11789764125209057, 0.4734658281466949, 0.21645526983016905], "kitchen cabinet": [0.6682529672726831, 0.7612112988764812, 0.884029468560295], "kitchen counter": [0.9417746553392458, 0.303015144428177, 0.9264433818542122], "ladder": [0.16762058348778097, 0.6689601245893283, 0.5041183524294152], "lamp": [0.8328242260895363, 0.3940735455441051, 0.17244376940971018], "laptop": [0.7662232217997081, 0.09134557360050499, 0.8274672399788099], "laundry basket": [0.6505338349591149, 0.09135766156002767, 0.6892808483111688], "laundry detergent": [0.5703281509391931, 0.5914839659907961, 0.45333339396910466], "laundry hamper": [0.4347219722483927, 0.2373796661464843, 0.005994156679128393], "ledge": [0.035176108316884336, 0.9717293300479161, 0.9782207259140269], "light": [0.48746366913361194, 0.6368894351177351, 0.9112187825795783], "light switch": [0.3485662399959222, 0.7557545959704326, 0.2622521803736382], "luggage": [0.05607472298614613, 0.42095750301348744, 0.8102392135430955], "machine": [0.42169351483038575, 0.3675239499318619, 0.12768427342734578], "mailbox": [0.75728062194492, 0.22649588351795003, 0.7856520096252937], "mat": [0.8534757032337907, 0.6582129840842463, 0.35982252624680044], "mattress": [0.25567960420238833, 0.556783072789622, 0.9998642339797797], "microwave": [0.0962262662252884, 0.46361791578593003, 0.6753206084992456],